insert into room(ROOM_ID,BUILDING_NAME,FLOOR_NO,WING,ROOM_NUMBER) values ('R001','A','1','Left','101');
insert into room(ROOM_ID,BUILDING_NAME,FLOOR_NO,WING,ROOM_NUMBER) values ('R002','A','1','Left','102');
insert into room(ROOM_ID,BUILDING_NAME,FLOOR_NO,WING,ROOM_NUMBER) values ('R003','A','1','Left','103');
insert into room(ROOM_ID,BUILDING_NAME,FLOOR_NO,WING,ROOM_NUMBER) values ('R004','A','1','Right','104');
insert into room(ROOM_ID,BUILDING_NAME,FLOOR_NO,WING,ROOM_NUMBER) values ('R005','A','1','Right','105');
insert into room(ROOM_ID,BUILDING_NAME,FLOOR_NO,WING,ROOM_NUMBER) values ('R006','A','2','Left','201');
insert into room(ROOM_ID,BUILDING_NAME,FLOOR_NO,WING,ROOM_NUMBER) values ('R007','A','2','Left','202');
insert into room(ROOM_ID,BUILDING_NAME,FLOOR_NO,WING,ROOM_NUMBER) values ('R008','A','2','Left','203');
insert into room(ROOM_ID,BUILDING_NAME,FLOOR_NO,WING,ROOM_NUMBER) values ('R009','A','2','Right','204');
insert into room(ROOM_ID,BUILDING_NAME,FLOOR_NO,WING,ROOM_NUMBER) values ('R010','A','2','Right','205');
insert into room(ROOM_ID,BUILDING_NAME,FLOOR_NO,WING,ROOM_NUMBER) values ('R011','B','1','Left','101');
insert into room(ROOM_ID,BUILDING_NAME,FLOOR_NO,WING,ROOM_NUMBER) values ('R012','B','1','Left','102');
insert into room(ROOM_ID,BUILDING_NAME,FLOOR_NO,WING,ROOM_NUMBER) values ('R013','B','1','Left','103');
insert into room(ROOM_ID,BUILDING_NAME,FLOOR_NO,WING,ROOM_NUMBER) values ('R014','B','1','Right','104');
insert into room(ROOM_ID,BUILDING_NAME,FLOOR_NO,WING,ROOM_NUMBER) values ('R015','B','1','Right','105');
insert into room(ROOM_ID,BUILDING_NAME,FLOOR_NO,WING,ROOM_NUMBER) values ('R016','B','2','Left','201');
insert into room(ROOM_ID,BUILDING_NAME,FLOOR_NO,WING,ROOM_NUMBER) values ('R017','B','2','Left','202');
insert into room(ROOM_ID,BUILDING_NAME,FLOOR_NO,WING,ROOM_NUMBER) values ('R018','B','2','Left','203');
insert into room(ROOM_ID,BUILDING_NAME,FLOOR_NO,WING,ROOM_NUMBER) values ('R019','B','2','Right','204');
insert into room(ROOM_ID,BUILDING_NAME,FLOOR_NO,WING,ROOM_NUMBER) values ('R020','B','2','Right','205');
insert into room(ROOM_ID,BUILDING_NAME,FLOOR_NO,WING,ROOM_NUMBER) values ('R021','C','1','Left','101');
insert into room(ROOM_ID,BUILDING_NAME,FLOOR_NO,WING,ROOM_NUMBER) values ('R022','C','1','Left','102');
insert into room(ROOM_ID,BUILDING_NAME,FLOOR_NO,WING,ROOM_NUMBER) values ('R023','C','1','Left','103');
insert into room(ROOM_ID,BUILDING_NAME,FLOOR_NO,WING,ROOM_NUMBER) values ('R024','C','1','Right','104');
insert into room(ROOM_ID,BUILDING_NAME,FLOOR_NO,WING,ROOM_NUMBER) values ('R025','C','1','Right','105');
insert into room(ROOM_ID,BUILDING_NAME,FLOOR_NO,WING,ROOM_NUMBER) values ('R026','C','2','Left','201');
insert into room(ROOM_ID,BUILDING_NAME,FLOOR_NO,WING,ROOM_NUMBER) values ('R027','C','2','Left','202');
insert into room(ROOM_ID,BUILDING_NAME,FLOOR_NO,WING,ROOM_NUMBER) values ('R028','C','2','Left','203');
insert into room(ROOM_ID,BUILDING_NAME,FLOOR_NO,WING,ROOM_NUMBER) values ('R029','C','2','Right','204');
insert into room(ROOM_ID,BUILDING_NAME,FLOOR_NO,WING,ROOM_NUMBER) values ('R030','C','2','Right','205');
insert into room(ROOM_ID,BUILDING_NAME,FLOOR_NO,WING,ROOM_NUMBER) values ('R031','D','1','Left','101');
insert into room(ROOM_ID,BUILDING_NAME,FLOOR_NO,WING,ROOM_NUMBER) values ('R032','D','1','Left','102');
insert into room(ROOM_ID,BUILDING_NAME,FLOOR_NO,WING,ROOM_NUMBER) values ('R033','D','1','Left','103');
insert into room(ROOM_ID,BUILDING_NAME,FLOOR_NO,WING,ROOM_NUMBER) values ('R034','D','1','Right','104');
insert into room(ROOM_ID,BUILDING_NAME,FLOOR_NO,WING,ROOM_NUMBER) values ('R035','D','1','Right','105');
insert into room(ROOM_ID,BUILDING_NAME,FLOOR_NO,WING,ROOM_NUMBER) values ('R036','D','2','Left','201');
insert into room(ROOM_ID,BUILDING_NAME,FLOOR_NO,WING,ROOM_NUMBER) values ('R037','D','2','Left','202');
insert into room(ROOM_ID,BUILDING_NAME,FLOOR_NO,WING,ROOM_NUMBER) values ('R038','D','2','Left','203');
insert into room(ROOM_ID,BUILDING_NAME,FLOOR_NO,WING,ROOM_NUMBER) values ('R039','D','2','Right','204');
insert into room(ROOM_ID,BUILDING_NAME,FLOOR_NO,WING,ROOM_NUMBER) values ('R040','D','2','Right','205');
insert into room(ROOM_ID,BUILDING_NAME,FLOOR_NO,WING,ROOM_NUMBER) values ('R041','E','1','Left','101');
insert into room(ROOM_ID,BUILDING_NAME,FLOOR_NO,WING,ROOM_NUMBER) values ('R042','E','1','Left','102');
insert into room(ROOM_ID,BUILDING_NAME,FLOOR_NO,WING,ROOM_NUMBER) values ('R043','E','1','Left','103');
insert into room(ROOM_ID,BUILDING_NAME,FLOOR_NO,WING,ROOM_NUMBER) values ('R044','E','1','Right','104');
insert into room(ROOM_ID,BUILDING_NAME,FLOOR_NO,WING,ROOM_NUMBER) values ('R045','E','1','Right','105');
insert into room(ROOM_ID,BUILDING_NAME,FLOOR_NO,WING,ROOM_NUMBER) values ('R046','E','2','Left','201');
insert into room(ROOM_ID,BUILDING_NAME,FLOOR_NO,WING,ROOM_NUMBER) values ('R047','E','2','Left','202');
insert into room(ROOM_ID,BUILDING_NAME,FLOOR_NO,WING,ROOM_NUMBER) values ('R048','E','2','Left','203');
insert into room(ROOM_ID,BUILDING_NAME,FLOOR_NO,WING,ROOM_NUMBER) values ('R049','E','2','Right','204');
insert into room(ROOM_ID,BUILDING_NAME,FLOOR_NO,WING,ROOM_NUMBER) values ('R050','E','2','Right','205');

/* Sample data for AUTHORIZATION table */

INSERT INTO AUTHORIZATION (EMAIL, PASSCODE)
VALUES 
('student1@example.com', 'password1'),
('student2@example.com', 'password2'),
('student3@example.com', 'password3'),
('student4@example.com', 'password4'),
('student5@example.com', 'password5'),
('student6@example.com', 'password6'),
('student7@example.com', 'password7'),
('student8@example.com', 'password8'),
('student9@example.com', 'password9'),
('student10@example.com', 'password10'),
('student11@example.com', 'password11'),
('student12@example.com', 'password12'),
('student13@example.com', 'password13'),
('student14@example.com', 'password14'),
('student15@example.com', 'password15'),
('student16@example.com', 'password16'),
('student17@example.com', 'password17'),
('student18@example.com', 'password18'),
('student19@example.com', 'password19'),
('student20@example.com', 'password20'),
('student21@example.com', 'password21'),
('student22@example.com', 'password22'),
('student23@example.com', 'password23'),
('student24@example.com', 'password24'),
('student25@example.com', 'password25'),
('student26@example.com', 'password26'),
('student27@example.com', 'password27'),
('student28@example.com', 'password28'),
('student29@example.com', 'password29'),
('student30@example.com', 'password30'),
('student31@example.com', 'password31'),
('student32@example.com', 'password32'),
('student33@example.com', 'password33'),
('student34@example.com', 'password34'),
('student35@example.com', 'password35'),
('student36@example.com', 'password36'),
('student37@example.com', 'password37'),
('student38@example.com', 'password38'),
('student39@example.com', 'password39'),
('student40@example.com', 'password40'),
('student41@example.com', 'password41'),
('student42@example.com', 'password42'),
('student43@example.com', 'password43'),
('student44@example.com', 'password44'),
('student45@example.com', 'password45'),
('student46@example.com', 'password46'),
('student47@example.com', 'password47'),
('student48@example.com', 'password48'),
('student49@example.com', 'password49'),
('student50@example.com', 'password50');


INSERT INTO STUDENT (NAME, EMAIL, CONTACT_NUMBER, ROOM_ID, GENDER, STUDENT_ID)
VALUES 
('John Doe', 'student1@example.com', '1234567890', 'R001', 'M', 'S10001'),
('Jane Smith', 'student2@example.com', '9876543210', 'R002', 'F', 'S10002'),
('Alice Johnson', 'student3@example.com', '5554443333', 'R003', 'F', 'S10003'),
('Bob Brown', 'student4@example.com', '1112223333', 'R004', 'M', 'S10004'),
('Emma Davis', 'student5@example.com', '4445556666', 'R005', 'F', 'S10005'),
('Michael Wilson', 'student6@example.com', '7778889999', 'R006', 'M', 'S10006'),
('Sophia Martinez', 'student7@example.com', '2223334444', 'R007', 'F', 'S10007'),
('William Anderson', 'student8@example.com', '9998887777', 'R008', 'M', 'S10008'),
('Olivia Taylor', 'student9@example.com', '6667778888', 'R009', 'F', 'S10009'),
('James Thomas', 'student10@example.com', '3334445555', 'R010', 'M', 'S10010'),
('Emily Hernandez', 'student11@example.com', '8889990000', 'R011', 'F', 'S10011'),
('Alexander Moore', 'student12@example.com', '5556667777', 'R012', 'M', 'S10012'),
('Charlotte Lopez', 'student13@example.com', '1112223333', 'R013', 'F', 'S10013'),
('Daniel King', 'student14@example.com', '6667778888', 'R014', 'M', 'S10014'),
('Ava Lee', 'student15@example.com', '2223334444', 'R015', 'F', 'S10015'),
('Matthew Garcia', 'student16@example.com', '9998887777', 'R016', 'M', 'S10016'),
('Amelia Perez', 'student17@example.com', '3334445555', 'R017', 'F', 'S10017'),
('Joseph Wilson', 'student18@example.com', '8889990000', 'R018', 'M', 'S10018'),
('Samantha Moore', 'student19@example.com', '5556667777', 'R019', 'F', 'S10019'),
('David Lopez', 'student20@example.com', '1112223333', 'R020', 'M', 'S10020'),
('Ella Martinez', 'student21@example.com', '6667778888', 'R021', 'F', 'S10021'),
('Benjamin Brown', 'student22@example.com', '2223334444', 'R022', 'M', 'S10022'),
('Madison Davis', 'student23@example.com', '9998887777', 'R023', 'F', 'S10023'),
('Samuel Taylor', 'student24@example.com', '3334445555', 'R024', 'M', 'S10024'),
('Grace Garcia', 'student25@example.com', '8889990000', 'R025', 'F', 'S10025'),
('Jackson Hernandez', 'student26@example.com', '5556667777', 'R026', 'M', 'S10026'),
('Lily Perez', 'student27@example.com', '1112223333', 'R027', 'F', 'S10027'),
('Christopher Wilson', 'student28@example.com', '6667778888', 'R028', 'M', 'S10028'),
('Avery Moore', 'student29@example.com', '2223334444', 'R029', 'F', 'S10029'),
('Mia Lopez', 'student30@example.com', '9998887777', 'R030', 'F', 'S10030'),
('Jacob Martinez', 'student31@example.com', '3334445555', 'R031', 'M', 'S10031'),
('Sophie Brown', 'student32@example.com', '8889990000', 'R032', 'F', 'S10032'),
('William Davis', 'student33@example.com', '5556667777', 'R033', 'M', 'S10033'),
('Chloe Taylor', 'student34@example.com', '1112223333', 'R034', 'F', 'S10034'),
('Daniel Garcia', 'student35@example.com', '6667778888', 'R035', 'M', 'S10035'),
('Zoe Hernandez', 'student36@example.com', '2223334444', 'R036', 'F', 'S10036'),
('Lucas Perez', 'student37@example.com', '9998887777', 'R037', 'M', 'S10037'),
('Layla Taylor', 'student38@example.com', '3334445555', 'R038', 'F', 'S10038'),
('Gabriel Wilson', 'student39@example.com', '8889990000', 'R039', 'M', 'S10039'),
('Penelope Moore', 'student40@example.com', '5556667777', 'R040', 'F', 'S10040'),
('Anthony Lopez', 'student41@example.com', '1112223333', 'R041', 'M', 'S10041'),
('Sofia Martinez', 'student42@example.com', '6667778888', 'R042', 'F', 'S10042'),
('Christopher Brown', 'student43@example.com', '2223334444', 'R043', 'M', 'S10043'),
('Aria Davis', 'student44@example.com', '9998887777', 'R044', 'F', 'S10044'),
('Andrew Taylor', 'student45@example.com', '3334445555', 'R045', 'M', 'S10045'),
('Eleanor Garcia', 'student46@example.com', '8889990000', 'R046', 'F', 'S10046'),
('David Moore', 'student47@example.com', '5556667777', 'R047', 'M', 'S10047'),
('Maya Lopez', 'student48@example.com', '1112223333', 'R048', 'F', 'S10048'),
('James Martinez', 'student49@example.com', '6667778888', 'R049', 'M', 'S10049'),
('Harper Brown', 'student50@example.com', '2223334444', 'R050', 'F', 'S10050');

/* Sample data for AVAILABLE_ROOM table */

INSERT INTO AVAILABLE_ROOM (ROOM_ID, STUDENT_ID, ROOM_STATUS, DESCRIPTION) SELECT ROOM_ID, STUDENT_ID, 'Y','null' FROM STUDENT WHERE ROOM_ID IN ('R001','R002','R005','R010','R012','R016','R020','R022','R028','R035','R040','R041','R045');