insert into room(BUILDING_NAME,FLOOR_NO,WING,ROOM_NUMBER) values ('A','1','Left','101');
insert into room(BUILDING_NAME,FLOOR_NO,WING,ROOM_NUMBER) values ('A','1','Left','102');
insert into room(BUILDING_NAME,FLOOR_NO,WING,ROOM_NUMBER) values ('A','1','Left','103');
insert into room(BUILDING_NAME,FLOOR_NO,WING,ROOM_NUMBER) values ('A','1','Right','104');
insert into room(BUILDING_NAME,FLOOR_NO,WING,ROOM_NUMBER) values ('A','1','Right','105');
insert into room(BUILDING_NAME,FLOOR_NO,WING,ROOM_NUMBER) values ('A','2','Left','201');
insert into room(BUILDING_NAME,FLOOR_NO,WING,ROOM_NUMBER) values ('A','2','Left','202');
insert into room(BUILDING_NAME,FLOOR_NO,WING,ROOM_NUMBER) values ('A','2','Left','203');
insert into room(BUILDING_NAME,FLOOR_NO,WING,ROOM_NUMBER) values ('A','2','Right','204');
insert into room(BUILDING_NAME,FLOOR_NO,WING,ROOM_NUMBER) values ('A','2','Right','205');
insert into room(BUILDING_NAME,FLOOR_NO,WING,ROOM_NUMBER) values ('B','1','Left','101');
insert into room(BUILDING_NAME,FLOOR_NO,WING,ROOM_NUMBER) values ('B','1','Left','102');
insert into room(BUILDING_NAME,FLOOR_NO,WING,ROOM_NUMBER) values ('B','1','Left','103');
insert into room(BUILDING_NAME,FLOOR_NO,WING,ROOM_NUMBER) values ('B','1','Right','104');
insert into room(BUILDING_NAME,FLOOR_NO,WING,ROOM_NUMBER) values ('B','1','Right','105');
insert into room(BUILDING_NAME,FLOOR_NO,WING,ROOM_NUMBER) values ('B','2','Left','201');
insert into room(BUILDING_NAME,FLOOR_NO,WING,ROOM_NUMBER) values ('B','2','Left','202');
insert into room(BUILDING_NAME,FLOOR_NO,WING,ROOM_NUMBER) values ('B','2','Left','203');
insert into room(BUILDING_NAME,FLOOR_NO,WING,ROOM_NUMBER) values ('B','2','Right','204');
insert into room(BUILDING_NAME,FLOOR_NO,WING,ROOM_NUMBER) values ('B','2','Right','205');
insert into room(BUILDING_NAME,FLOOR_NO,WING,ROOM_NUMBER) values ('C','1','Left','101');
insert into room(BUILDING_NAME,FLOOR_NO,WING,ROOM_NUMBER) values ('C','1','Left','102');
insert into room(BUILDING_NAME,FLOOR_NO,WING,ROOM_NUMBER) values ('C','1','Left','103');
insert into room(BUILDING_NAME,FLOOR_NO,WING,ROOM_NUMBER) values ('C','1','Right','104');
insert into room(BUILDING_NAME,FLOOR_NO,WING,ROOM_NUMBER) values ('C','1','Right','105');
insert into room(BUILDING_NAME,FLOOR_NO,WING,ROOM_NUMBER) values ('C','2','Left','201');
insert into room(BUILDING_NAME,FLOOR_NO,WING,ROOM_NUMBER) values ('C','2','Left','202');
insert into room(BUILDING_NAME,FLOOR_NO,WING,ROOM_NUMBER) values ('C','2','Left','203');
insert into room(BUILDING_NAME,FLOOR_NO,WING,ROOM_NUMBER) values ('C','2','Right','204');
insert into room(BUILDING_NAME,FLOOR_NO,WING,ROOM_NUMBER) values ('C','2','Right','205');
insert into room(BUILDING_NAME,FLOOR_NO,WING,ROOM_NUMBER) values ('D','1','Left','101');
insert into room(BUILDING_NAME,FLOOR_NO,WING,ROOM_NUMBER) values ('D','1','Left','102');
insert into room(BUILDING_NAME,FLOOR_NO,WING,ROOM_NUMBER) values ('D','1','Left','103');
insert into room(BUILDING_NAME,FLOOR_NO,WING,ROOM_NUMBER) values ('D','1','Right','104');
insert into room(BUILDING_NAME,FLOOR_NO,WING,ROOM_NUMBER) values ('D','1','Right','105');
insert into room(BUILDING_NAME,FLOOR_NO,WING,ROOM_NUMBER) values ('D','2','Left','201');
insert into room(BUILDING_NAME,FLOOR_NO,WING,ROOM_NUMBER) values ('D','2','Left','202');
insert into room(BUILDING_NAME,FLOOR_NO,WING,ROOM_NUMBER) values ('D','2','Left','203');
insert into room(BUILDING_NAME,FLOOR_NO,WING,ROOM_NUMBER) values ('D','2','Right','204');
insert into room(BUILDING_NAME,FLOOR_NO,WING,ROOM_NUMBER) values ('D','2','Right','205');
insert into room(BUILDING_NAME,FLOOR_NO,WING,ROOM_NUMBER) values ('E','1','Left','101');
insert into room(BUILDING_NAME,FLOOR_NO,WING,ROOM_NUMBER) values ('E','1','Left','102');
insert into room(BUILDING_NAME,FLOOR_NO,WING,ROOM_NUMBER) values ('E','1','Left','103');
insert into room(BUILDING_NAME,FLOOR_NO,WING,ROOM_NUMBER) values ('E','1','Right','104');
insert into room(BUILDING_NAME,FLOOR_NO,WING,ROOM_NUMBER) values ('E','1','Right','105');
insert into room(BUILDING_NAME,FLOOR_NO,WING,ROOM_NUMBER) values ('E','2','Left','201');
insert into room(BUILDING_NAME,FLOOR_NO,WING,ROOM_NUMBER) values ('E','2','Left','202');
insert into room(BUILDING_NAME,FLOOR_NO,WING,ROOM_NUMBER) values ('E','2','Left','203');
insert into room(BUILDING_NAME,FLOOR_NO,WING,ROOM_NUMBER) values ('E','2','Right','204');
insert into room(BUILDING_NAME,FLOOR_NO,WING,ROOM_NUMBER) values ('E','2','Right','205');

/* Sample data for AUTHORIZATION table */

INSERT INTO AUTHORIZATION (EMAIL, PASSCODE)
VALUES 
('student1@example.com', 'password1'),
('student2@example.com', 'password2'),
('student3@example.com', 'password3'),
('student4@example.com', 'password4'),
('student5@example.com', 'password5'),
('student6@example.com', 'password6'),
('student7@example.com', 'password7'),
('student8@example.com', 'password8'),
('student9@example.com', 'password9'),
('student10@example.com', 'password10'),
('student11@example.com', 'password11'),
('student12@example.com', 'password12'),
('student13@example.com', 'password13'),
('student14@example.com', 'password14'),
('student15@example.com', 'password15'),
('student16@example.com', 'password16'),
('student17@example.com', 'password17'),
('student18@example.com', 'password18'),
('student19@example.com', 'password19'),
('student20@example.com', 'password20'),
('student21@example.com', 'password21'),
('student22@example.com', 'password22'),
('student23@example.com', 'password23'),
('student24@example.com', 'password24'),
('student25@example.com', 'password25'),
('student26@example.com', 'password26'),
('student27@example.com', 'password27'),
('student28@example.com', 'password28'),
('student29@example.com', 'password29'),
('student30@example.com', 'password30'),
('student31@example.com', 'password31'),
('student32@example.com', 'password32'),
('student33@example.com', 'password33'),
('student34@example.com', 'password34'),
('student35@example.com', 'password35'),
('student36@example.com', 'password36'),
('student37@example.com', 'password37'),
('student38@example.com', 'password38'),
('student39@example.com', 'password39'),
('student40@example.com', 'password40'),
('student41@example.com', 'password41'),
('student42@example.com', 'password42'),
('student43@example.com', 'password43'),
('student44@example.com', 'password44'),
('student45@example.com', 'password45'),
('student46@example.com', 'password46'),
('student47@example.com', 'password47'),
('student48@example.com', 'password48'),
('student49@example.com', 'password49'),
('student50@example.com', 'password50');


INSERT INTO STUDENT (NAME, EMAIL, CONTACT_NUMBER, ROOM_ID, GENDER, STUDENT_ID)
VALUES 
('John Doe', 'student1@example.com', '1234567890', 1000, 'M', 'S10001'),
('Jane Smith', 'student2@example.com', '9876543210', 1001, 'F', 'S10002'),
('Alice Johnson', 'student3@example.com', '5554443333', 1002, 'F', 'S10003'),
('Bob Brown', 'student4@example.com', '1112223333', 1003, 'M', 'S10004'),
('Emma Davis', 'student5@example.com', '4445556666', 1004, 'F', 'S10005'),
('Michael Wilson', 'student6@example.com', '7778889999', 1005, 'M', 'S10006'),
('Sophia Martinez', 'student7@example.com', '2223334444', 1006, 'F', 'S10007'),
('William Anderson', 'student8@example.com', '9998887777', 1007, 'M', 'S10008'),
('Olivia Taylor', 'student9@example.com', '6667778888', 1008, 'F', 'S10009'),
('James Thomas', 'student10@example.com', '3334445555', 1009, 'M', 'S10010'),
('Emily Hernandez', 'student11@example.com', '8889990000', 1010, 'F', 'S10011'),
('Alexander Moore', 'student12@example.com', '5556667777', 1011, 'M', 'S10012'),
('Charlotte Lopez', 'student13@example.com', '1112223333', 1012, 'F', 'S10013'),
('Daniel King', 'student14@example.com', '6667778888', 1013, 'M', 'S10014'),
('Ava Lee', 'student15@example.com', '2223334444', 1014, 'F', 'S10015'),
('Matthew Garcia', 'student16@example.com', '9998887777', 1015, 'M', 'S10016'),
('Amelia Perez', 'student17@example.com', '3334445555', 1016, 'F', 'S10017'),
('Joseph Wilson', 'student18@example.com', '8889990000', 1017, 'M', 'S10018'),
('Samantha Moore', 'student19@example.com', '5556667777', 1018, 'F', 'S10019'),
('David Lopez', 'student20@example.com', '1112223333', 1019, 'M', 'S10020'),
('Ella Martinez', 'student21@example.com', '6667778888', 1020, 'F', 'S10021'),
('Benjamin Brown', 'student22@example.com', '2223334444', 1021, 'M', 'S10022'),
('Madison Davis', 'student23@example.com', '9998887777', 1022, 'F', 'S10023'),
('Samuel Taylor', 'student24@example.com', '3334445555', 1023, 'M', 'S10024'),
('Grace Garcia', 'student25@example.com', '8889990000', 1024, 'F', 'S10025'),
('Jackson Hernandez', 'student26@example.com', '5556667777', 1025, 'M', 'S10026'),
('Lily Perez', 'student27@example.com', '1112223333', 1026, 'F', 'S10027'),
('Christopher Wilson', 'student28@example.com', '6667778888', 1027, 'M', 'S10028'),
('Avery Moore', 'student29@example.com', '2223334444', 1028, 'F', 'S10029'),
('Mia Lopez', 'student30@example.com', '9998887777', 1029, 'F', 'S10030'),
('Jacob Martinez', 'student31@example.com', '3334445555', 1030, 'M', 'S10031'),
('Sophie Brown', 'student32@example.com', '8889990000', 1031, 'F', 'S10032'),
('William Davis', 'student33@example.com', '5556667777', 1032, 'M', 'S10033'),
('Chloe Taylor', 'student34@example.com', '1112223333', 1033, 'F', 'S10034'),
('Daniel Garcia', 'student35@example.com', '6667778888', 1034, 'M', 'S10035'),
('Zoe Hernandez', 'student36@example.com', '2223334444', 1035, 'F', 'S10036'),
('Lucas Perez', 'student37@example.com', '9998887777', 1036, 'M', 'S10037'),
('Layla Taylor', 'student38@example.com', '3334445555', 1037, 'F', 'S10038'),
('Gabriel Wilson', 'student39@example.com', '8889990000', 1038, 'M', 'S10039'),
('Penelope Moore', 'student40@example.com', '5556667777', 1039, 'F', 'S10040'),
('Anthony Lopez', 'student41@example.com', '1112223333', 1040, 'M', 'S10041'),
('Sofia Martinez', 'student42@example.com', '6667778888', 1041, 'F', 'S10042'),
('Christopher Brown', 'student43@example.com', '2223334444', 1042, 'M', 'S10043'),
('Aria Davis', 'student44@example.com', '9998887777', 1043, 'F', 'S10044'),
('Andrew Taylor', 'student45@example.com', '3334445555', 1044, 'M', 'S10045'),
('Eleanor Garcia', 'student46@example.com', '8889990000', 1045, 'F', 'S10046'),
('David Moore', 'student47@example.com', '5556667777', 1046, 'M', 'S10047'),
('Maya Lopez', 'student48@example.com', '1112223333', 1047, 'F', 'S10048'),
('James Martinez', 'student49@example.com', '6667778888', 1048, 'M', 'S10049'),
('Harper Brown', 'student50@example.com', '2223334444', 1049, 'F', 'S10050');


/* Sample data for AVAILABLE_ROOM table */

INSERT INTO AVAILABLE_ROOM (ROOM_ID, STUDENT_ID, ROOM_STATUS, DESCRIPTION) SELECT ROOM_ID, STUDENT_ID, 'Y','null' FROM STUDENT WHERE ROOM_ID IN (1000,1005,1015,1035,1046);

INSERT INTO SWAP_REQUEST (REQ_STUDENT_ID, REQ_TO_STUDENT_ID, REQ_ROOM_ID, REQ_TO_ROOM_ID, CONFIRM_AVAILABILITY) VALUES ('S10002', 'S10001', 1001, 1000, 'PENDING');
INSERT INTO SWAP_REQUEST (REQ_STUDENT_ID, REQ_TO_STUDENT_ID, REQ_ROOM_ID, REQ_TO_ROOM_ID, CONFIRM_AVAILABILITY) VALUES ('S10003', 'S10001', 1002, 1000, 'PENDING');
INSERT INTO SWAP_REQUEST (REQ_STUDENT_ID, REQ_TO_STUDENT_ID, REQ_ROOM_ID, REQ_TO_ROOM_ID, CONFIRM_AVAILABILITY) VALUES ('S10004', 'S10001', 1003, 1000, 'REJECTED');

INSERT INTO SWAP_REQUEST (REQ_STUDENT_ID, REQ_TO_STUDENT_ID, REQ_ROOM_ID, REQ_TO_ROOM_ID, CONFIRM_AVAILABILITY) VALUES ('S10007', 'S10006', 1006, 1005, 'PENDING');
INSERT INTO SWAP_REQUEST (REQ_STUDENT_ID, REQ_TO_STUDENT_ID, REQ_ROOM_ID, REQ_TO_ROOM_ID, CONFIRM_AVAILABILITY) VALUES ('S10008', 'S10006', 1007, 1005, 'PENDING');
INSERT INTO SWAP_REQUEST (REQ_STUDENT_ID, REQ_TO_STUDENT_ID, REQ_ROOM_ID, REQ_TO_ROOM_ID, CONFIRM_AVAILABILITY) VALUES ('S10009', 'S10006', 1008, 1005, 'REJECTED');

INSERT INTO SWAP_REQUEST (REQ_STUDENT_ID, REQ_TO_STUDENT_ID, REQ_ROOM_ID, REQ_TO_ROOM_ID, CONFIRM_AVAILABILITY) VALUES ('S10017', 'S10016', 1016, 1015, 'PENDING');
INSERT INTO SWAP_REQUEST (REQ_STUDENT_ID, REQ_TO_STUDENT_ID, REQ_ROOM_ID, REQ_TO_ROOM_ID, CONFIRM_AVAILABILITY) VALUES ('S10018', 'S10016', 1017, 1015, 'PENDING');
INSERT INTO SWAP_REQUEST (REQ_STUDENT_ID, REQ_TO_STUDENT_ID, REQ_ROOM_ID, REQ_TO_ROOM_ID, CONFIRM_AVAILABILITY) VALUES ('S10019', 'S10016', 1018, 1015, 'REJECTED');

INSERT INTO SWAP_REQUEST (REQ_STUDENT_ID, REQ_TO_STUDENT_ID, REQ_ROOM_ID, REQ_TO_ROOM_ID, CONFIRM_AVAILABILITY) VALUES ('S10037', 'S10036', 1036, 1035, 'PENDING');
INSERT INTO SWAP_REQUEST (REQ_STUDENT_ID, REQ_TO_STUDENT_ID, REQ_ROOM_ID, REQ_TO_ROOM_ID, CONFIRM_AVAILABILITY) VALUES ('S10038', 'S10036', 1037, 1035, 'PENDING');
INSERT INTO SWAP_REQUEST (REQ_STUDENT_ID, REQ_TO_STUDENT_ID, REQ_ROOM_ID, REQ_TO_ROOM_ID, CONFIRM_AVAILABILITY) VALUES ('S10039', 'S10036', 1038, 1035, 'REJECTED');

INSERT INTO SWAP_REQUEST (REQ_STUDENT_ID, REQ_TO_STUDENT_ID, REQ_ROOM_ID, REQ_TO_ROOM_ID, CONFIRM_AVAILABILITY) VALUES ('S10048', 'S10047', 1047, 1046, 'PENDING');
INSERT INTO SWAP_REQUEST (REQ_STUDENT_ID, REQ_TO_STUDENT_ID, REQ_ROOM_ID, REQ_TO_ROOM_ID, CONFIRM_AVAILABILITY) VALUES ('S10049', 'S10047', 1048, 1046, 'PENDING');
INSERT INTO SWAP_REQUEST (REQ_STUDENT_ID, REQ_TO_STUDENT_ID, REQ_ROOM_ID, REQ_TO_ROOM_ID, CONFIRM_AVAILABILITY) VALUES ('S10050', 'S10047', 1049, 1046, 'REJECTED');

select * from ROOM R join STUDENT S where R.ROOM_ID = S.ROOM_ID AND R.ROOM_ID = 1002;